City_ID,City,Country,Date,Lat,Lng,Max Temp,Humidity,Cloudiness,Wind Speed
0,Kaduna,NG,2021-07-24 18:32:45,10.5222,7.4383,69.42,95,95,5.32
1,Tuktoyaktuk,CA,2021-07-24 18:29:23,69.4541,-133.0374,57.2,62,40,18.41
2,Jamestown,US,2021-07-24 18:32:45,42.097,-79.2353,80.19,61,20,7.0
3,Ondjiva,AO,2021-07-24 18:32:46,-17.0667,15.7333,59.54,16,0,7.81
4,Vila Velha,BR,2021-07-24 18:30:54,-20.3297,-40.2925,75.15,60,40,9.22
5,Bathsheba,BB,2021-07-24 18:32:20,13.2167,-59.5167,86.61,74,40,12.66
6,Mar Del Plata,AR,2021-07-24 18:30:23,-38.0023,-57.5575,53.01,65,0,15.01
7,Dudinka,RU,2021-07-24 18:32:47,69.4058,86.1778,49.59,78,100,3.53
8,Mount Isa,AU,2021-07-24 18:25:54,-20.7333,139.5,55.17,44,69,1.14
9,Rafaela,AR,2021-07-24 18:31:29,-31.2503,-61.4867,73.99,52,100,8.63
10,Vardo,NO,2021-07-24 18:29:02,70.3705,31.1107,46.26,83,97,28.05
11,Tuatapere,NZ,2021-07-24 18:30:53,-46.1333,167.6833,40.82,80,100,7.07
12,Butaritari,KI,2021-07-24 18:29:16,3.0707,172.7902,83.52,73,19,18.1
13,Muros,ES,2021-07-24 18:32:03,42.7762,-9.0603,72.1,83,24,2.82
14,Cape Town,ZA,2021-07-24 18:32:48,-33.9258,18.4232,54.27,70,0,3.44
15,Busselton,AU,2021-07-24 18:28:48,-33.65,115.3333,56.08,76,97,16.2
16,Kedougou,SN,2021-07-24 18:32:49,12.5579,-12.1743,90.18,58,40,11.5
17,Vaini,TO,2021-07-24 18:28:49,-21.2,-175.2,69.96,100,75,1.14
18,Puerto Ayora,EC,2021-07-24 18:24:44,-0.7393,-90.3518,82.36,81,31,8.01
19,Catumbela,AO,2021-07-24 18:32:50,-12.4314,13.5472,69.17,87,3,3.83
20,Pevek,RU,2021-07-24 18:26:47,69.7008,170.3133,37.15,92,95,7.23
21,Bredasdorp,ZA,2021-07-24 18:28:45,-34.5322,20.0403,45.72,93,52,2.3
22,Kaseda,JP,2021-07-24 18:31:20,31.4167,130.3167,77.85,83,100,19.17
23,Cabo San Lucas,MX,2021-07-24 18:27:59,22.8909,-109.9124,98.51,65,1,8.01
24,Rehoboth,NA,2021-07-24 18:32:51,-23.3167,17.0833,50.14,12,0,6.58
25,Carnarvon,AU,2021-07-24 18:29:43,-24.8667,113.6333,62.67,70,90,10.36
26,Leshukonskoye,RU,2021-07-24 18:29:04,64.8989,45.7622,45.55,94,100,6.87
27,Hithadhoo,MV,2021-07-24 18:28:39,-0.6,73.0833,82.42,77,48,12.17
28,Katsuura,JP,2021-07-24 18:25:46,35.1333,140.3,80.11,85,0,7.11
29,Ribeira Grande,PT,2021-07-24 18:29:43,38.5167,-28.7,73.8,94,75,16.11
30,Sitka,US,2021-07-24 18:26:27,57.0531,-135.33,57.09,88,90,8.05
31,Tasiilaq,GL,2021-07-24 18:28:57,65.6145,-37.6368,42.96,98,100,1.86
32,Khalkhal,IR,2021-07-24 18:32:52,37.6189,48.5258,63.75,87,87,7.07
33,Airai,TL,2021-07-24 18:30:31,-8.9266,125.4092,55.65,40,14,3.11
34,Hilo,US,2021-07-24 18:31:33,19.7297,-155.09,86.29,88,90,5.75
35,Thompson,CA,2021-07-24 18:29:24,55.7435,-97.8558,68.16,68,75,11.5
36,Labuhan,ID,2021-07-24 18:32:53,-6.8844,112.2051,73.65,85,0,7.43
37,Bambanglipuro,ID,2021-07-24 18:30:40,-7.95,110.2833,71.91,89,5,3.85
38,Rikitea,PF,2021-07-24 18:28:57,-23.1203,-134.9692,68.9,55,0,2.48
39,Bluff,NZ,2021-07-24 18:29:09,-46.6,168.3333,39.79,75,92,11.65
40,Caravelas,BR,2021-07-24 18:29:21,-17.7125,-39.2481,74.52,62,54,9.44
41,East London,ZA,2021-07-24 18:30:01,-33.0153,27.9116,54.54,76,0,9.22
42,Georgetown,MY,2021-07-24 18:26:50,5.4112,100.3354,84.88,82,20,1.01
43,Saskylakh,RU,2021-07-24 18:29:46,71.9167,114.0833,56.97,55,95,6.98
44,Albany,US,2021-07-24 18:30:11,42.6001,-73.9662,83.62,47,56,5.99
45,Mazamitla,MX,2021-07-24 18:32:55,19.9167,-103.0333,67.14,73,97,2.42
46,Najran,SA,2021-07-24 18:32:56,17.4924,44.1277,88.45,36,63,9.78
47,Aklavik,CA,2021-07-24 18:30:48,68.2191,-135.0107,66.92,88,90,4.61
48,Dongsheng,CN,2021-07-24 18:32:56,39.8161,109.9776,71.67,62,55,22.5
49,Southbridge,US,2021-07-24 18:32:57,42.0751,-72.0334,84.25,48,20,1.01
50,Nikolskoye,RU,2021-07-24 18:28:53,59.7035,30.7861,64.29,61,25,2.86
51,Touros,BR,2021-07-24 18:32:57,-5.1989,-35.4608,86.9,55,6,19.44
52,Chokurdakh,RU,2021-07-24 18:31:00,70.6333,147.9167,39.22,79,7,14.14
53,Srivardhan,IN,2021-07-24 18:32:58,18.0333,73.0167,79.79,87,100,14.32
54,Hobart,AU,2021-07-24 18:27:09,-42.8794,147.3294,45.27,75,99,4.0
55,Atar,MR,2021-07-24 18:29:56,20.5169,-13.0499,105.48,15,72,11.5
56,Port-Gentil,GA,2021-07-24 18:32:59,-0.7193,8.7815,76.96,73,90,10.36
57,Yellowknife,CA,2021-07-24 18:29:17,62.456,-114.3525,53.33,57,75,4.0
58,Punta Arenas,CL,2021-07-24 18:26:04,-53.15,-70.9167,42.91,75,75,18.41
59,Narsaq,GL,2021-07-24 18:31:21,60.9167,-46.05,48.42,88,97,6.15
60,Kavaratti,IN,2021-07-24 18:29:24,10.5669,72.642,81.54,84,15,18.99
61,Nizhniy Kuranakh,RU,2021-07-24 18:33:00,58.8353,125.4869,58.69,99,100,2.13
62,Batemans Bay,AU,2021-07-24 18:29:33,-35.7167,150.1833,48.9,68,68,10.11
63,Ambilobe,MG,2021-07-24 18:33:01,-13.2,49.05,65.89,76,29,3.4
64,Nanortalik,GL,2021-07-24 18:30:16,60.1432,-45.2371,43.43,97,100,13.65
65,Ushuaia,AR,2021-07-24 18:25:02,-54.8,-68.3,40.62,81,40,3.44
66,Hermanus,ZA,2021-07-24 18:28:55,-34.4187,19.2345,56.89,59,67,1.97
67,Terrace,CA,2021-07-24 18:33:02,54.5163,-128.6035,66.11,68,75,18.41
68,Matamoros,MX,2021-07-24 18:33:03,25.5333,-103.25,87.91,33,40,6.91
69,Santa Maria,BR,2021-07-24 18:33:03,-29.6842,-53.8069,83.5,37,0,8.05
70,New Norfolk,AU,2021-07-24 18:25:09,-42.7826,147.0587,44.92,68,96,6.53
71,Yurga,RU,2021-07-24 18:33:04,55.7231,84.8861,65.62,88,47,1.54
72,Kodiak,US,2021-07-24 18:24:43,57.79,-152.4072,54.91,88,90,4.61
73,Tynda,RU,2021-07-24 18:32:06,55.1667,124.7167,57.04,98,100,2.84
74,Vagur,FO,2021-07-24 18:33:05,61.4732,-6.8119,50.72,95,84,14.32
75,Jambi,ID,2021-07-24 18:33:05,-1.6,103.6167,74.39,90,13,2.84
76,Avarua,CK,2021-07-24 18:29:06,-21.2078,-159.775,69.85,88,69,3.44
77,Maralal,KE,2021-07-24 18:33:06,1.0968,36.698,60.04,79,100,4.7
78,Kapaa,US,2021-07-24 18:28:50,22.0752,-159.319,80.58,84,90,4.0
79,Cockburn Town,TC,2021-07-24 18:33:07,21.4612,-71.1419,82.54,78,3,15.37
80,Dingle,PH,2021-07-24 18:31:07,10.9995,122.6711,78.12,86,99,11.74
81,Conceicao Do Araguaia,BR,2021-07-24 18:33:07,-8.2578,-49.2647,93.33,29,0,10.36
82,Sao Filipe,CV,2021-07-24 18:24:05,14.8961,-24.4956,74.71,73,78,7.78
83,Tiksi,RU,2021-07-24 18:29:31,71.6872,128.8694,39.67,89,87,5.75
84,Daru,PG,2021-07-24 18:33:08,-9.0763,143.2092,77.58,89,99,12.64
85,Turukhansk,RU,2021-07-24 18:30:08,65.8167,87.9833,66.85,67,0,9.66
86,Bismarck,US,2021-07-24 18:33:09,46.8083,-100.7837,87.87,25,1,13.8
87,Kenai,US,2021-07-24 18:29:28,60.5544,-151.2583,60.03,94,90,12.66
88,Nouakchott,MR,2021-07-24 18:33:09,18.0858,-15.9785,78.73,73,15,15.03
89,Sorland,NO,2021-07-24 18:32:23,67.667,12.6934,52.56,97,100,14.5
90,Dong Hoi,VN,2021-07-24 18:33:10,17.4833,106.6,79.23,86,100,10.45
91,Fairbanks,US,2021-07-24 18:30:31,64.8378,-147.7164,60.76,93,90,1.01
92,Tripoli,LY,2021-07-24 18:31:54,32.8752,13.1875,82.0,60,0,14.94
93,Bengkulu,ID,2021-07-24 18:30:11,-3.8004,102.2655,75.42,88,7,4.21
94,Mahebourg,MU,2021-07-24 18:28:43,-20.4081,57.7,70.09,83,75,5.75
95,Port Elizabeth,ZA,2021-07-24 18:29:21,-33.918,25.5701,57.49,72,0,11.5
96,Victoria,HK,2021-07-24 18:29:59,22.2855,114.1577,82.26,94,91,7.0
97,Yebaishou,CN,2021-07-24 18:33:11,41.3975,119.6408,70.83,95,17,5.48
98,College,US,2021-07-24 18:30:12,64.8569,-147.8028,60.75,93,75,5.75
99,Maindargi,IN,2021-07-24 18:33:12,17.4667,76.3,75.34,85,100,15.95
100,Sola,VU,2021-07-24 18:33:13,-13.8833,167.55,75.87,100,75,0.0
101,San Cristobal,VE,2021-07-24 18:25:58,7.7669,-72.225,82.58,49,100,7.14
102,Lianzhou,CN,2021-07-24 18:29:11,24.7811,112.3825,77.47,87,0,3.09
103,Provideniya,RU,2021-07-24 18:30:46,64.3833,-173.3,46.8,98,100,12.46
104,Kamenka,RU,2021-07-24 18:33:13,51.3223,42.7678,64.99,57,93,6.6
105,Severodvinsk,RU,2021-07-24 18:33:14,64.5635,39.8302,51.91,69,100,7.11
106,Palmer,US,2021-07-24 18:31:17,42.1584,-72.3287,84.31,41,40,1.01
107,Kihei,US,2021-07-24 18:33:15,20.785,-156.4656,79.86,89,40,19.57
108,Esperance,AU,2021-07-24 18:28:42,-33.8667,121.9,49.84,81,11,19.1
109,Banda Aceh,ID,2021-07-24 18:33:15,5.5577,95.3222,80.64,77,100,11.39
110,Kayes,ML,2021-07-24 18:28:42,14.0,-11.0,90.77,51,67,3.02
111,Rundu,NA,2021-07-24 18:33:16,-17.9333,19.7667,59.27,28,0,7.02
112,Cairns,AU,2021-07-24 18:33:16,-16.9167,145.7667,66.15,97,75,3.44
113,Lagoa,PT,2021-07-24 18:33:17,39.05,-27.9833,71.56,94,100,14.54
114,Suntar,RU,2021-07-24 18:31:46,62.1444,117.6319,59.13,81,6,6.15
115,Yumen,CN,2021-07-24 18:33:18,40.2833,97.2,76.48,51,94,10.11
116,Tadine,NC,2021-07-24 18:33:18,-21.55,167.8833,70.39,89,15,4.61
117,Bonthe,SL,2021-07-24 18:31:05,7.5264,-12.505,76.46,85,100,8.39
118,Homer,US,2021-07-24 18:33:19,59.6425,-151.5483,60.08,86,90,5.75
119,Bambous Virieux,MU,2021-07-24 18:31:03,-20.3428,57.7575,70.05,83,75,5.75
120,Antsohihy,MG,2021-07-24 18:33:19,-14.8796,47.9875,69.94,57,0,9.06
121,Severo-Kurilsk,RU,2021-07-24 18:25:15,50.6789,156.125,53.74,96,68,1.83
122,Hovd,MN,2021-07-24 18:33:20,48.0056,91.6419,66.54,48,7,0.89
123,Ponta Delgada,PT,2021-07-24 18:29:53,37.7333,-25.6667,74.12,83,20,16.11
124,Darab,IR,2021-07-24 18:33:21,28.7519,54.5444,82.09,52,9,3.53
125,Beringovskiy,RU,2021-07-24 18:33:21,63.05,179.3167,51.6,90,100,8.48
126,Berdigestyakh,RU,2021-07-24 18:33:10,62.0989,126.6992,56.37,72,100,6.78
127,Qaanaaq,GL,2021-07-24 18:29:35,77.484,-69.3632,41.58,65,82,1.03
128,Kununurra,AU,2021-07-24 18:28:55,-15.7667,128.7333,62.58,77,100,1.14
129,Emba,KZ,2021-07-24 18:33:22,48.8264,58.1442,76.3,40,0,10.4
130,Dikson,RU,2021-07-24 18:29:25,73.5069,80.5464,38.55,96,100,28.45
131,Parbatipur,BD,2021-07-24 18:33:23,25.6649,88.9247,79.81,94,93,6.17
132,Mancheral,IN,2021-07-24 18:33:23,18.8667,79.4333,78.62,86,100,5.84
133,Bristol,US,2021-07-24 18:29:30,41.8334,-71.1662,84.54,50,40,3.0
134,Port Alfred,ZA,2021-07-24 18:28:56,-33.5906,26.891,57.67,73,0,22.75
135,Taltal,CL,2021-07-24 18:29:23,-25.4,-70.4833,60.35,70,26,8.39
136,Korla,CN,2021-07-24 18:31:33,41.7597,86.1469,88.97,20,0,6.2
137,Cidreira,BR,2021-07-24 18:31:14,-30.1811,-50.2056,66.6,58,0,5.06
138,Ahuimanu,US,2021-07-24 18:33:25,21.4447,-157.8378,80.31,77,75,9.22
139,Yar-Sale,RU,2021-07-24 18:31:18,66.8333,70.8333,52.2,77,0,8.63
140,Naguabo,PR,2021-07-24 18:33:25,18.2116,-65.7349,82.87,89,100,13.0
141,Leningradskiy,RU,2021-07-24 18:29:54,69.3833,178.4167,37.63,93,99,4.88
142,Ilulissat,GL,2021-07-24 18:29:01,69.2167,-51.1,44.62,76,75,11.5
143,Oranjestad,AW,2021-07-24 18:32:17,12.524,-70.027,87.75,66,75,20.71
144,Koslan,RU,2021-07-24 18:33:26,63.4564,48.8989,45.52,96,100,5.95
145,Alofi,NU,2021-07-24 18:30:23,-19.0595,-169.9187,71.49,100,25,1.14
146,Kahului,US,2021-07-24 18:29:28,20.8947,-156.47,79.86,89,40,19.57
147,Khatanga,RU,2021-07-24 18:28:44,71.9667,102.5,59.72,75,95,11.83
148,Aneho,TG,2021-07-24 18:33:27,6.2333,1.6,79.0,76,19,14.03
149,Kodinsk,RU,2021-07-24 18:33:28,58.6881,99.1844,63.73,66,0,3.11
150,Zhifang,CN,2021-07-24 18:33:28,30.35,114.3167,78.78,84,0,4.92
151,Ponta Do Sol,PT,2021-07-24 18:29:19,32.6667,-17.1,78.71,71,0,4.05
152,Ishigaki,JP,2021-07-24 18:33:29,24.3448,124.1572,84.25,85,100,28.52
153,Namatanai,PG,2021-07-24 18:29:55,-3.6667,152.4333,78.17,82,32,4.16
154,Bethel,US,2021-07-24 18:30:22,41.3712,-73.414,84.07,50,40,1.01
155,Atuona,PF,2021-07-24 18:28:47,-9.8,-139.0333,77.97,69,87,16.73
156,Bonavista,CA,2021-07-24 18:30:57,48.6499,-53.1147,68.0,76,69,7.0
157,Chicama,PE,2021-07-24 18:33:30,-7.8447,-79.1469,66.74,60,9,8.68
158,Saint-Philippe,RE,2021-07-24 18:33:30,-21.3585,55.7679,69.39,77,65,5.73
159,Sadao,TH,2021-07-24 18:33:31,6.6388,100.4234,80.42,89,100,1.07
160,Cap Malheureux,MU,2021-07-24 18:33:31,-19.9842,57.6142,70.29,76,26,5.01
161,Gouyave,GD,2021-07-24 18:33:32,12.1646,-61.7296,84.97,79,75,20.71
162,Eureka,US,2021-07-24 18:29:43,40.8021,-124.1637,69.13,76,5,7.0
163,Fortuna,US,2021-07-24 18:30:51,40.5982,-124.1573,67.93,77,1,3.0
164,Codrington,AU,2021-07-24 18:33:27,-38.2667,141.9667,44.17,74,81,20.92
165,Forestville,US,2021-07-24 18:33:33,38.8451,-76.875,88.16,50,75,9.22
166,Arraial Do Cabo,BR,2021-07-24 18:28:53,-22.9661,-42.0278,76.96,57,0,24.16
167,Hobyo,SO,2021-07-24 18:33:34,5.3505,48.5268,78.24,71,17,27.47
168,Wattegama,LK,2021-07-24 18:33:34,6.7989,81.4808,77.92,72,100,8.72
169,Hambantota,LK,2021-07-24 18:31:59,6.1241,81.1185,79.14,94,75,9.22
170,Ouallam,NE,2021-07-24 18:33:35,14.3188,2.0866,85.33,56,85,9.31
171,Voyvozh,RU,2021-07-24 18:33:36,62.892,54.9635,41.72,77,34,5.08
172,Kirando,TZ,2021-07-24 18:33:36,-7.4167,30.6,74.39,50,44,11.45
173,Barrow,US,2021-07-24 18:29:42,71.2906,-156.7887,41.02,93,90,0.0
174,Sao Desiderio,BR,2021-07-24 18:33:37,-12.3633,-44.9733,86.83,25,97,10.09
175,Constitucion,CL,2021-07-24 18:28:31,-35.3333,-72.4167,53.33,85,98,11.41
176,Gorontalo,ID,2021-07-24 18:33:37,0.5412,123.0595,74.28,84,100,1.9
177,Quatre Cocos,MU,2021-07-24 18:31:57,-20.2078,57.7625,69.91,80,53,9.31
178,Trincomalee,LK,2021-07-24 18:33:38,8.5711,81.2335,81.72,74,100,23.22
179,Gusinoye Ozero,RU,2021-07-24 18:33:39,51.1144,106.2614,56.68,73,39,4.72
180,Balkanabat,TM,2021-07-24 18:33:39,39.5108,54.3671,85.77,62,0,4.85
181,Cascais,PT,2021-07-24 18:32:32,38.6979,-9.4215,75.25,53,20,10.0
182,Loandjili,CG,2021-07-24 18:33:40,-4.7561,11.8578,73.51,88,90,4.61
183,Vao,NC,2021-07-24 18:32:43,-22.6667,167.4833,71.02,83,1,6.46
184,Oistins,BB,2021-07-24 18:29:56,13.0667,-59.5333,86.09,74,40,12.66
185,Ostrovnoy,RU,2021-07-24 18:31:58,68.0531,39.5131,49.12,89,95,18.43
186,Port Macquarie,AU,2021-07-24 18:33:26,-31.4333,152.9167,57.16,69,0,6.71
187,Carnduff,CA,2021-07-24 18:33:41,49.1667,-101.8009,79.38,22,0,20.31
188,Saint George,US,2021-07-24 18:25:40,37.1041,-113.5841,94.53,39,1,3.0
189,The Pas,CA,2021-07-24 18:33:42,53.8251,-101.2541,71.62,60,75,12.86
190,Tautira,PF,2021-07-24 18:29:03,-17.7333,-149.15,75.22,72,1,9.62
191,Clyde River,CA,2021-07-24 18:32:09,70.4692,-68.5914,35.83,93,90,14.97
192,Mana,GF,2021-07-24 18:33:43,5.6592,-53.7767,81.05,86,99,10.94
193,Acapulco,MX,2021-07-24 18:29:09,16.8634,-99.8901,85.82,74,40,12.66
194,Walvis Bay,NA,2021-07-24 18:31:54,-22.9575,14.5053,70.75,9,6,8.05
195,Chokwe,MZ,2021-07-24 18:33:43,-24.5333,32.9833,55.42,86,4,5.99
196,Ancud,CL,2021-07-24 18:29:01,-41.8697,-73.8203,45.93,69,100,3.8
197,Ust-Tarka,RU,2021-07-24 18:33:44,55.5672,75.705,72.03,64,100,2.51
198,Bud,US,2021-07-24 18:33:45,39.447,-86.1758,87.06,70,62,10.56
199,Mataura,NZ,2021-07-24 18:28:42,-46.1927,168.8643,39.47,90,95,3.98
200,Maniitsoq,GL,2021-07-24 18:29:34,65.4167,-52.9,40.59,77,40,6.13
201,Nogliki,RU,2021-07-24 18:33:45,51.8333,143.1667,62.65,99,68,5.06
202,Talnakh,RU,2021-07-24 18:30:06,69.4865,88.3972,54.25,72,100,6.17
203,Stepnogorsk,KZ,2021-07-24 18:33:46,52.3544,71.8869,77.97,33,100,9.01
204,Sept-Iles,CA,2021-07-24 18:33:47,50.2001,-66.3821,66.06,81,75,5.99
205,Tsaratanana,MG,2021-07-24 18:33:47,-16.7833,47.65,62.06,71,0,7.38
206,Cherskiy,RU,2021-07-24 18:30:11,68.75,161.3,43.72,75,99,2.91
207,Thurles,IE,2021-07-24 18:33:48,52.6819,-7.8022,70.39,64,100,6.96
208,Iqaluit,CA,2021-07-24 18:30:13,63.7506,-68.5145,51.53,81,90,13.0
209,Russell,US,2021-07-24 18:33:48,32.3502,-85.1999,91.11,46,20,0.0
210,Castro,BR,2021-07-24 18:29:36,-24.7911,-50.0119,70.63,40,0,6.55
211,Briancon,FR,2021-07-24 18:33:49,44.9,6.65,69.62,66,5,4.29
212,Coari,BR,2021-07-24 18:33:49,-4.085,-63.1414,84.92,64,100,0.72
213,Beyneu,KZ,2021-07-24 18:33:50,45.3167,55.2,88.41,39,100,17.43
214,Ivankiv,UA,2021-07-24 18:33:50,50.9386,29.8943,71.83,66,67,0.92
215,Evensk,RU,2021-07-24 18:33:51,61.95,159.2333,50.58,97,100,1.21
216,Faya,SA,2021-07-24 18:33:51,18.3851,42.4509,71.71,65,61,2.21
217,Itigi,TZ,2021-07-24 18:33:52,-5.7,34.4833,66.34,46,1,13.56
218,Sarkand,KZ,2021-07-24 18:33:52,45.41,79.9186,72.84,32,0,7.61
219,Upernavik,GL,2021-07-24 18:29:57,72.7868,-56.1549,39.4,87,100,6.31
220,Stroud,GB,2021-07-24 18:33:53,51.75,-2.2,69.76,68,75,9.22
221,Makakilo City,US,2021-07-24 18:30:42,21.3469,-158.0858,79.12,77,90,8.05
222,Chuy,UY,2021-07-24 18:30:10,-33.6971,-53.4616,62.13,79,93,5.99
223,Benguela,AO,2021-07-24 18:33:54,-12.5763,13.4055,69.35,84,20,4.12
224,Norman Wells,CA,2021-07-24 18:25:34,65.282,-126.8329,62.64,45,40,12.66
225,Prainha,BR,2021-07-24 18:33:54,-1.8,-53.48,91.22,41,40,6.42
226,Padang,ID,2021-07-24 18:29:40,-0.9492,100.3543,77.74,85,76,3.6
227,Lermontovka,RU,2021-07-24 18:33:55,47.1453,134.3383,75.52,78,15,5.01
228,Malakal,SS,2021-07-24 18:33:55,9.5334,31.6605,72.07,97,100,5.44
229,Coahuayana,MX,2021-07-24 18:30:18,18.7333,-103.6833,87.28,64,49,5.88
230,Bilma,NE,2021-07-24 18:33:56,18.6853,12.9164,89.89,36,100,12.55
231,Fort Saint James,CA,2021-07-24 18:33:56,54.4333,-124.25,69.35,40,77,8.23
232,Tirumullaivasal,IN,2021-07-24 18:33:57,11.2333,79.8333,83.23,69,100,14.23
233,Buala,SB,2021-07-24 18:26:04,-8.145,159.5921,79.92,81,61,8.75
234,Haines Junction,CA,2021-07-24 18:33:58,60.7522,-137.5108,58.95,58,62,4.61
235,Tooele,US,2021-07-24 18:32:29,40.5308,-112.2983,95.07,37,1,9.22
236,Kismayo,SO,2021-07-24 18:33:58,-0.3582,42.5454,76.19,77,56,22.44
237,Verkhnevilyuysk,RU,2021-07-24 18:33:59,63.4453,120.3167,55.44,80,11,5.48
238,Eirunepe,BR,2021-07-24 18:33:59,-6.6603,-69.8736,97.21,29,12,1.03
239,Pringsewu,ID,2021-07-24 18:34:00,-5.3582,104.9744,72.93,97,9,2.26
240,Whitecourt,CA,2021-07-24 18:34:00,54.1502,-115.6855,70.84,37,40,17.27
241,Wanning,CN,2021-07-24 18:34:01,18.8003,110.3967,79.12,87,12,8.81
242,Lompoc,US,2021-07-24 18:34:01,34.6391,-120.4579,84.02,75,40,6.91
243,Prigorodnyy,RU,2021-07-24 18:34:02,51.7661,55.2665,64.56,82,0,0.0
244,Staryy Nadym,RU,2021-07-24 18:34:02,65.6118,72.6842,55.83,91,97,8.72
245,Deputatskiy,RU,2021-07-24 18:30:40,69.3,139.9,46.44,73,47,4.25
246,Dwarka,IN,2021-07-24 18:34:03,22.2394,68.9678,83.05,84,100,19.8
247,Yulara,AU,2021-07-24 18:30:45,-25.2406,130.9889,42.64,61,65,8.05
248,San Quintin,MX,2021-07-24 18:31:34,30.4833,-115.95,74.1,70,100,11.59
249,Vagamo,NO,2021-07-24 18:34:04,61.8751,9.0967,67.78,78,96,2.68
250,Luderitz,NA,2021-07-24 18:28:38,-26.6481,15.1594,64.76,32,5,7.23
251,Qui Nhon,VN,2021-07-24 18:31:48,13.7667,109.2333,82.85,69,100,16.33
252,Talcahuano,CL,2021-07-24 18:34:04,-36.7167,-73.1167,55.08,67,75,11.5
253,Antofagasta,CL,2021-07-24 18:26:52,-23.65,-70.4,66.22,63,64,9.44
254,Xocali,AZ,2021-07-24 18:34:05,39.913,46.7903,74.23,73,63,2.98
255,Meulaboh,ID,2021-07-24 18:30:27,4.1363,96.1285,77.32,88,100,4.29
256,Marmande,FR,2021-07-24 18:34:05,44.5,0.1667,77.31,70,5,8.32
257,Kulhudhuffushi,MV,2021-07-24 18:34:06,6.6221,73.07,81.34,78,100,9.62
258,Bahia Honda,CU,2021-07-24 18:34:06,22.9036,-83.1592,87.33,63,18,8.72
259,Maguling,PH,2021-07-24 18:34:07,6.095,124.4033,78.19,86,95,3.67
260,Aksha,RU,2021-07-24 18:34:07,50.2814,113.2867,53.64,86,19,3.13
261,Hakodate,JP,2021-07-24 18:34:08,41.7758,140.7367,75.18,94,18,5.57
262,Progreso,MX,2021-07-24 18:34:08,21.2833,-89.6667,96.12,68,29,13.65
263,Cabedelo,BR,2021-07-24 18:30:26,-6.9811,-34.8339,81.27,70,4,17.38
264,Kefamenanu,ID,2021-07-24 18:34:09,-9.4467,124.4781,63.5,61,6,3.18
265,Geraldton,AU,2021-07-24 18:30:00,-28.7667,114.6,55.81,88,90,10.36
266,Torbay,CA,2021-07-24 18:30:02,47.6666,-52.7314,68.88,75,75,17.27
267,Fernandina Beach,US,2021-07-24 18:34:10,30.6697,-81.4626,91.99,76,40,5.99
268,Khorinsk,RU,2021-07-24 18:34:10,52.1657,109.7726,56.21,79,7,2.82
269,Sungaipenuh,ID,2021-07-24 18:34:11,-2.0833,101.3833,64.54,95,62,2.68
270,Encantado,BR,2021-07-24 18:34:11,-29.2361,-51.8697,89.28,38,0,1.79
271,Belyy Yar,RU,2021-07-24 18:34:11,53.6039,91.3903,69.69,94,40,2.24
272,Samarai,PG,2021-07-24 18:30:09,-10.6167,150.6667,79.11,86,82,9.82
273,Naze,JP,2021-07-24 18:29:04,28.3667,129.4833,77.16,93,100,22.55
274,Basco,PH,2021-07-24 18:34:12,20.4487,121.9702,83.28,85,100,32.64
275,Katherine,AU,2021-07-24 18:34:13,-14.4667,132.2667,64.72,55,100,3.44
276,Iskateley,RU,2021-07-24 18:34:13,67.6803,53.1512,45.37,87,100,16.17
277,Ouahigouya,BF,2021-07-24 18:34:14,13.5828,-2.4216,86.11,51,100,5.5
278,Bukachacha,RU,2021-07-24 18:34:14,52.9833,116.9167,58.19,84,100,6.15
279,Charters Towers,AU,2021-07-24 18:30:39,-20.1,146.2667,56.39,51,6,10.54
280,Macau,MO,2021-07-24 18:34:15,22.2006,113.5461,82.8,83,84,6.44
281,Nouadhibou,MR,2021-07-24 18:32:16,20.931,-17.0347,73.38,83,3,18.41
282,Sulangan,PH,2021-07-24 18:34:16,11.1373,123.7228,83.39,72,63,17.2
283,Port Lincoln,AU,2021-07-24 18:26:36,-34.7333,135.8667,52.61,67,83,23.85
284,San Patricio,US,2021-07-24 18:28:59,28.017,-97.5169,93.92,40,0,15.12
285,Riyadh,SA,2021-07-24 18:31:33,24.6877,46.7219,102.34,13,0,8.88
286,Sechura,PE,2021-07-24 18:34:17,-5.5569,-80.8222,74.62,60,10,14.9
287,Lebu,CL,2021-07-24 18:29:06,-37.6167,-73.65,53.37,67,30,12.12
288,Tamiahua,MX,2021-07-24 18:34:17,21.2667,-97.45,87.84,57,0,10.33
289,Aswan,EG,2021-07-24 18:31:11,24.0934,32.907,93.67,19,0,10.63
290,Minas,UY,2021-07-24 18:29:40,-34.3759,-55.2377,62.53,69,94,8.66
291,Caconda,AO,2021-07-24 18:34:18,-13.7333,15.0667,59.67,17,0,3.09
292,Paris,FR,2021-07-24 18:32:56,48.8534,2.3488,74.21,79,90,6.91
293,Yeppoon,AU,2021-07-24 18:34:19,-23.1333,150.7333,51.58,55,19,7.02
294,Longyearbyen,SJ,2021-07-24 18:27:16,78.2186,15.6401,46.24,76,75,6.91
295,Sandakan,MY,2021-07-24 18:32:26,5.8402,118.1179,80.28,89,20,4.61
296,Kargopol,RU,2021-07-24 18:34:20,61.5071,38.9456,54.0,59,100,4.74
297,Tucupita,VE,2021-07-24 18:34:20,9.0622,-62.051,84.54,78,100,4.59
298,Bondoukou,CI,2021-07-24 18:34:21,8.0333,-2.8,72.45,86,50,4.21
299,Namibe,AO,2021-07-24 18:34:21,-15.1961,12.1522,66.18,83,0,4.54
300,Tagusao,PH,2021-07-24 18:34:22,9.1924,117.8141,81.63,78,100,14.18
301,Ahipara,NZ,2021-07-24 18:31:26,-35.1667,173.1667,54.09,83,100,10.78
302,Bogatyye Saby,RU,2021-07-24 18:34:22,56.0102,50.4483,52.5,69,2,8.03
303,Dagda,LV,2021-07-24 18:34:23,56.0951,27.5372,58.32,67,0,3.33
304,Shimoda,JP,2021-07-24 18:32:15,34.6667,138.95,75.99,85,1,8.08
305,Bjornevatn,NO,2021-07-24 18:34:23,69.6672,29.9847,50.34,71,90,13.8
306,Rio Grande,BR,2021-07-24 18:31:48,-32.035,-52.0986,78.91,69,43,6.69
307,Abha,SA,2021-07-24 18:34:24,18.2164,42.5053,71.42,73,20,6.91
308,Yerbogachen,RU,2021-07-24 18:29:10,61.2767,108.0108,61.97,72,90,2.95
309,Vitim,RU,2021-07-24 18:34:24,59.4511,112.5578,61.12,78,100,3.04
310,Belmonte,BR,2021-07-24 18:30:10,-15.8631,-38.8828,80.6,60,100,10.78
311,Longonjo,AO,2021-07-24 18:34:25,-12.9067,15.2533,63.18,19,0,4.63
312,Veraval,IN,2021-07-24 18:34:26,20.9,70.3667,82.22,83,95,17.49
313,Pekan,MY,2021-07-24 18:34:26,3.4836,103.3996,78.91,84,100,3.87
314,Coos Bay,US,2021-07-24 18:34:05,43.3665,-124.2179,83.86,79,1,17.27
315,Kirakira,SB,2021-07-24 18:32:00,-10.4544,161.9205,79.18,86,100,5.75
316,Havelock,US,2021-07-24 18:34:27,34.8791,-76.9013,87.03,57,1,4.0
317,Sinnamary,GF,2021-07-24 18:34:28,5.3833,-52.95,81.7,81,100,11.14
318,Nanyang,CN,2021-07-24 18:34:28,32.9947,112.5328,74.37,89,0,6.04
319,Faanui,PF,2021-07-24 18:29:59,-16.4833,-151.75,77.95,68,13,12.91
320,Khani,GE,2021-07-24 18:30:06,41.9563,42.9566,65.77,99,99,1.41
321,Pampa,US,2021-07-24 18:34:29,35.5362,-100.9599,94.57,36,1,8.05
322,Chapais,CA,2021-07-24 18:34:29,49.7834,-74.8492,76.78,32,100,13.62
323,Porosozero,RU,2021-07-24 18:34:30,62.7191,32.727,56.62,60,100,4.54
324,Sao Joao Da Barra,BR,2021-07-24 18:31:37,-21.6403,-41.0511,77.09,60,0,12.39
325,Singkang,MY,2021-07-24 18:34:31,2.1006,102.7994,76.89,86,44,3.15
326,Sulina,RO,2021-07-24 18:34:31,45.1559,29.6536,70.05,58,0,1.92
327,Saint-Francois,FR,2021-07-24 18:34:31,46.4154,3.9054,72.84,73,29,3.44
328,Salalah,OM,2021-07-24 18:34:32,17.0151,54.0924,78.89,100,90,5.75
329,Coquimbo,CL,2021-07-24 18:34:32,-29.9533,-71.3436,58.73,67,75,3.44
330,Kaniama,CD,2021-07-24 18:34:33,-7.5667,24.1833,76.17,32,38,5.68
331,Komsomolskiy,UZ,2021-07-24 18:31:58,40.4272,71.7189,83.62,44,0,0.0
332,Contamana,PE,2021-07-24 18:34:33,-7.3333,-75.0167,95.95,28,6,0.87
333,Nantucket,US,2021-07-24 18:32:04,41.2835,-70.0995,80.62,66,1,13.8
334,Khandyga,RU,2021-07-24 18:34:34,62.6667,135.6,58.89,99,100,4.47
335,Viedma,AR,2021-07-24 18:34:34,-40.8135,-62.9967,51.87,36,100,12.39
336,Disna,BY,2021-07-24 18:34:35,55.568,28.1971,60.46,57,1,2.8
337,Hasaki,JP,2021-07-24 18:30:14,35.7333,140.8333,75.6,85,0,7.76
338,Vostok,RU,2021-07-24 18:29:54,46.4856,135.8833,72.39,77,85,3.69
339,Lavrentiya,RU,2021-07-24 18:31:12,65.5833,-171.0,45.64,96,100,10.83
340,Aksu,CN,2021-07-24 18:34:36,41.1231,80.2644,85.01,32,2,4.03
341,Bubaque,GW,2021-07-24 18:32:05,11.2833,-15.8333,79.27,74,99,2.53
342,Riverton,US,2021-07-24 18:31:02,40.5219,-111.9391,97.29,31,1,5.01
343,Yurkivka,UA,2021-07-24 18:34:37,49.0126,31.1013,69.48,55,86,3.78
344,Benghazi,LY,2021-07-24 18:34:37,32.1167,20.0667,79.84,71,0,15.05
345,Mikhaylovka,RU,2021-07-24 18:34:37,50.06,43.2379,69.08,56,95,5.64
346,Puerto Baquerizo Moreno,EC,2021-07-24 18:34:38,-0.9,-89.6,77.99,65,20,16.11
347,Tura,IN,2021-07-24 18:33:08,25.5198,90.2201,75.67,94,100,5.03
348,Richards Bay,ZA,2021-07-24 18:29:08,-28.783,32.0377,56.79,77,24,5.12
349,Sao Felix Do Xingu,BR,2021-07-24 18:34:39,-6.6447,-51.995,95.58,22,40,5.37
350,Raudeberg,NO,2021-07-24 18:33:10,61.9875,5.1352,60.87,93,98,1.88
351,Falmouth,GB,2021-07-24 18:34:39,50.1544,-5.0711,71.85,90,75,3.44
352,Odweyne,SO,2021-07-24 18:34:40,9.4092,45.064,73.09,49,99,20.67
353,Xining,CN,2021-07-24 18:27:08,36.6167,101.7667,66.78,82,95,3.91
354,Jacksonville,US,2021-07-24 18:33:37,30.3322,-81.6556,92.01,66,75,3.0
355,Killybegs,IE,2021-07-24 18:34:41,54.6333,-8.45,72.45,79,35,5.95
356,Sakakah,SA,2021-07-24 18:34:41,29.9697,40.2064,94.57,24,0,13.15
357,Berlevag,NO,2021-07-24 18:34:41,70.8578,29.0864,45.12,87,100,26.24
358,Roald,NO,2021-07-24 18:29:04,62.5833,6.1333,68.11,94,90,4.61
359,Sampit,ID,2021-07-24 18:34:42,-2.5333,112.95,72.41,94,7,2.68
360,Nyrob,RU,2021-07-24 18:33:17,60.733,56.7202,45.19,94,7,3.18
361,Cortez,US,2021-07-24 18:30:36,37.3489,-108.5859,88.7,59,1,4.61
362,Manosque,FR,2021-07-24 18:34:43,43.8288,5.7869,79.56,49,66,6.78
363,Eau Claire,US,2021-07-24 18:34:43,44.8114,-91.4985,86.45,63,40,4.0
364,Tazovskiy,RU,2021-07-24 18:29:25,67.4667,78.7,50.31,91,100,5.5
365,Marienburg,PL,2021-07-24 18:29:05,54.0359,19.0266,72.88,71,41,9.17
366,Iquique,CL,2021-07-24 18:33:50,-20.2208,-70.1431,64.44,70,47,9.24
367,Itarema,BR,2021-07-24 18:31:54,-2.9248,-39.9167,83.59,58,43,17.67
368,Naron,ES,2021-07-24 18:34:44,43.5167,-8.1528,71.04,89,15,8.19
369,Almaty,KZ,2021-07-24 18:34:45,43.25,76.95,75.11,47,20,4.47
370,Santiago Del Estero,AR,2021-07-24 18:31:50,-27.7951,-64.2615,78.8,26,95,4.9
371,Idrinskoye,RU,2021-07-24 18:34:45,54.3708,92.1358,64.2,85,99,0.25
372,Baiao,BR,2021-07-24 18:34:46,-2.7906,-49.6717,92.89,31,100,4.45
373,Ampanihy,MG,2021-07-24 18:34:46,-24.7,44.75,62.56,50,84,11.54
374,Khandbari,NP,2021-07-24 18:31:26,27.3747,87.2039,74.17,95,99,1.19
375,Olafsvik,IS,2021-07-24 18:33:56,64.8945,-23.7142,50.61,92,79,11.48
376,Hobara,JP,2021-07-24 18:34:47,37.8167,140.55,74.35,79,34,0.96
377,Tessalit,ML,2021-07-24 18:34:48,20.1986,1.0114,96.1,30,4,17.25
378,Comodoro Rivadavia,AR,2021-07-24 18:30:05,-45.8667,-67.5,53.46,37,0,10.36
379,Vestmanna,FO,2021-07-24 18:29:36,62.1564,-7.1664,49.12,100,90,5.75
380,Sicamous,CA,2021-07-24 18:32:00,50.8331,-118.9856,89.49,31,3,4.81
381,Terrace Bay,CA,2021-07-24 18:34:49,48.7834,-87.1,64.9,56,58,8.72
382,Pueblo Rico,CO,2021-07-24 18:34:50,5.2383,-76.0364,67.26,98,100,2.86
383,Nioro,GM,2021-07-24 18:34:50,13.35,-15.75,87.84,47,27,6.53
384,Humberto De Campos,BR,2021-07-24 18:34:51,-2.5983,-43.4611,83.44,67,100,3.02
385,Ucluelet,CA,2021-07-24 18:30:50,48.9329,-125.5528,77.04,82,9,1.99
386,Garden City,US,2021-07-24 18:33:44,42.3256,-83.331,86.95,71,75,16.11
387,Pangnirtung,CA,2021-07-24 18:30:33,66.1451,-65.7125,48.2,76,90,17.27
388,Holliston,US,2021-07-24 18:34:52,42.2001,-71.4245,84.38,47,0,1.01
389,Pinawa,CA,2021-07-24 18:34:52,50.1489,-95.8811,81.54,30,13,14.97
390,Ontario,US,2021-07-24 18:32:57,34.0633,-117.6509,96.85,58,75,0.0
391,Grindavik,IS,2021-07-24 18:31:44,63.8424,-22.4338,51.75,93,40,17.27
392,Lasa,IT,2021-07-24 18:34:53,46.6166,10.7002,76.91,92,27,5.14
393,Balabac,PH,2021-07-24 18:34:53,7.9868,117.0645,82.35,82,100,13.22
394,Kasongo,CD,2021-07-24 18:34:54,-4.45,26.6667,81.72,30,73,3.67
395,Okhotsk,RU,2021-07-24 18:34:54,59.3833,143.3,55.98,94,100,10.31
396,Dawson Creek,CA,2021-07-24 18:34:55,55.7666,-120.2362,69.44,40,1,17.27
397,Rome,US,2021-07-24 18:34:55,34.257,-85.1647,91.99,58,1,1.01
398,Quelimane,MZ,2021-07-24 18:34:56,-17.8786,36.8883,69.75,68,40,8.05
399,El Sauzal,MX,2021-07-24 18:34:56,31.9,-116.6833,75.42,75,100,8.05
400,Surt,LY,2021-07-24 18:34:57,31.2089,16.5887,80.11,67,0,13.31
401,Eganville,CA,2021-07-24 18:34:57,45.5334,-77.0994,76.51,33,100,13.58
402,Constantine,DZ,2021-07-24 18:34:57,36.365,6.6147,99.81,12,40,19.57
403,Toyooka,JP,2021-07-24 18:34:58,35.5333,134.8333,73.78,84,27,5.66
404,Manggar,ID,2021-07-24 18:31:25,-2.8833,108.2667,81.7,75,7,13.71
405,Champerico,GT,2021-07-24 18:31:23,14.3,-91.9167,93.74,72,93,6.04
406,Malindi,KE,2021-07-24 18:29:50,-3.2175,40.1191,75.99,78,5,24.14
407,Kumluca,TR,2021-07-24 18:34:59,36.3703,30.2869,84.83,59,66,0.22
408,Roebourne,AU,2021-07-24 18:34:59,-20.7833,117.1333,70.09,44,100,5.08
409,Soledade,BR,2021-07-24 18:35:00,-28.8183,-52.5103,73.04,51,0,5.28
410,Manavalakurichi,IN,2021-07-24 18:35:00,8.1333,77.3,78.89,84,99,11.52
411,Inirida,CO,2021-07-24 18:31:14,3.8653,-67.9239,77.07,91,99,3.2
412,Kasur,PK,2021-07-24 18:35:01,31.1156,74.4467,87.91,53,5,5.77
413,Oga,IT,2021-07-24 18:35:01,46.4631,10.347,65.08,94,26,6.93
414,Rock Sound,BS,2021-07-24 18:35:02,24.9,-76.2,81.14,77,97,3.89
415,Roma,US,2021-07-24 18:30:07,43.2128,-75.4557,82.26,47,1,6.91
416,Auki,SB,2021-07-24 18:30:16,-8.7676,160.7034,76.8,87,75,4.56
417,Husavik,IS,2021-07-24 18:35:04,66.0449,-17.3389,64.31,79,25,6.4
418,Ruhengeri,RW,2021-07-24 18:35:04,-1.4998,29.635,62.22,63,100,1.79
419,Montepuez,MZ,2021-07-24 18:31:39,-13.1256,38.9997,63.25,65,50,12.3
420,Astoria,US,2021-07-24 18:31:59,46.1879,-123.8313,79.72,82,90,1.01
421,Whyalla,AU,2021-07-24 18:31:18,-33.0333,137.5833,46.29,87,40,10.36
422,Te Anau,NZ,2021-07-24 18:30:35,-45.4167,167.7167,38.41,89,100,3.33
423,Klaksvik,FO,2021-07-24 18:27:42,62.2266,-6.589,50.92,94,70,19.91
424,Los Llanos De Aridane,ES,2021-07-24 18:29:49,28.6585,-17.9182,73.13,81,20,17.27
425,Uribia,CO,2021-07-24 18:35:06,11.7139,-72.266,94.53,43,67,14.0
426,Itaituba,BR,2021-07-24 18:35:06,-4.2761,-55.9836,95.16,46,40,6.91
427,Hami,CN,2021-07-24 18:30:58,42.8,93.45,88.21,35,0,9.6
428,Selma,US,2021-07-24 18:35:07,36.5708,-119.6121,99.84,33,1,6.91
429,Skelleftea,SE,2021-07-24 18:35:07,64.7507,20.9528,69.01,52,29,5.75
430,Kiunga,PG,2021-07-24 18:35:07,-6.1219,141.2906,71.94,100,100,2.73
431,Druzhba,UA,2021-07-24 18:35:08,52.0428,33.9453,65.07,64,84,3.6
432,Veseloyarsk,RU,2021-07-24 18:35:08,51.2836,81.1056,66.16,70,25,6.51
433,Krasnoselkup,RU,2021-07-24 18:35:09,65.7,82.4667,56.59,92,82,15.84
434,Leh,IN,2021-07-24 18:35:09,34.1667,77.5833,71.1,37,100,7.18
435,Honiara,SB,2021-07-24 18:35:10,-9.4333,159.95,76.75,85,76,5.35
436,Laguna,US,2021-07-24 18:35:10,38.421,-121.4238,101.43,42,1,1.01
437,Kingsland,US,2021-07-24 18:35:10,30.8,-81.6898,90.91,69,0,5.99
438,Akureyri,IS,2021-07-24 18:35:11,65.6835,-18.0878,64.33,72,40,5.75
439,San Giovanni Valdarno,IT,2021-07-24 18:35:11,43.5667,11.5333,86.65,71,100,3.76
440,Adre,TD,2021-07-24 18:35:12,13.4667,22.2,78.49,60,100,10.18
441,Atambua,ID,2021-07-24 18:35:12,-9.1061,124.8925,66.43,69,8,4.25
442,Coihaique,CL,2021-07-24 18:30:56,-45.5752,-72.0662,39.81,81,75,3.44
443,Oriximina,BR,2021-07-24 18:32:11,-1.7656,-55.8661,90.12,43,100,8.23
444,Lufkin,US,2021-07-24 18:31:41,31.3382,-94.7291,91.06,62,20,3.44
445,Guerrero Negro,MX,2021-07-24 18:25:01,27.9769,-114.0611,77.54,60,100,8.88
446,Capoeiras,BR,2021-07-24 18:35:13,-8.7347,-36.6267,69.94,59,38,14.52
447,Plymouth,US,2021-07-24 18:35:14,41.8334,-70.8328,84.34,53,1,1.01
448,Antalaha,MG,2021-07-24 18:35:14,-14.9003,50.2788,66.27,81,78,8.32
449,Basoko,CD,2021-07-24 18:35:15,1.2391,23.616,77.7,69,100,3.15
450,Tchollire,CM,2021-07-24 18:35:15,8.4022,14.1698,72.34,94,98,3.02
451,Tiarei,PF,2021-07-24 18:35:16,-17.5333,-149.3333,78.82,73,50,10.85
452,Port Blair,IN,2021-07-24 18:32:14,11.6667,92.75,82.2,84,100,21.97
453,Saint-Augustin,CA,2021-07-24 18:30:55,51.226,-58.6502,59.76,65,51,8.55
454,Pochutla,MX,2021-07-24 18:35:16,15.7432,-96.4661,91.22,51,100,5.64
455,Nokha,IN,2021-07-24 18:35:17,27.6,73.4167,94.95,46,41,5.82
456,Jalu,LY,2021-07-24 18:30:14,29.0331,21.5482,87.35,23,0,9.19
457,Monkey Bay,MW,2021-07-24 18:35:18,-14.0728,34.9201,67.05,67,26,24.11
458,Jinchang,CN,2021-07-24 18:35:18,38.4953,102.1739,75.51,49,100,11.68
459,Senanga,ZM,2021-07-24 18:35:18,-16.1167,23.2667,65.8,43,1,10.45
460,Prachuap Khiri Khan,TH,2021-07-24 18:35:19,12.2167,99.75,81.68,82,100,8.1
461,Buluang,PH,2021-07-24 18:35:19,13.3068,123.3425,80.82,84,89,14.56
462,Ranong,TH,2021-07-24 18:35:20,9.9658,98.6348,79.7,88,100,10.2
463,Dukat,RU,2021-07-24 18:35:20,62.55,155.55,50.45,88,93,4.5
464,Kantunilkin,MX,2021-07-24 18:35:21,21.0917,-87.45,89.44,70,98,6.8
465,Yaring,TH,2021-07-24 18:35:21,6.8662,101.3689,80.06,81,100,7.49
466,Kamphaeng Phet,TH,2021-07-24 18:35:21,16.25,99.5,75.45,85,100,1.88
467,Saint-Georges,GD,2021-07-24 18:29:38,12.0564,-61.7485,85.68,79,75,20.71
468,Rocha,UY,2021-07-24 18:28:58,-34.4833,-54.3333,64.15,75,81,9.28
469,Harper,LR,2021-07-24 18:35:22,4.375,-7.7169,76.35,70,97,5.17
470,Lingyuan,CN,2021-07-24 18:35:22,41.24,119.4011,70.16,95,10,4.97
471,Port Hardy,CA,2021-07-24 18:30:16,50.6996,-127.4199,59.18,100,90,2.3
472,Michigan City,US,2021-07-24 18:35:23,41.7075,-86.895,90.91,66,1,12.66
473,Talavera De La Reina,ES,2021-07-24 18:35:23,39.9635,-4.8308,86.27,15,5,12.55
474,Baturaja,ID,2021-07-24 18:35:24,-4.1333,104.1667,72.43,97,9,2.57
475,Magalia,US,2021-07-24 18:35:24,39.8121,-121.5783,77.16,11,0,7.07
476,Umm Lajj,SA,2021-07-24 18:35:25,25.0213,37.2685,88.52,36,0,9.06
477,Cam Ranh,VN,2021-07-24 18:35:25,11.9214,109.1591,85.96,58,20,11.5
478,Iranshahr,IR,2021-07-24 18:34:13,27.2025,60.6848,86.34,51,75,6.91
479,Dhidhdhoo,MV,2021-07-24 18:32:28,6.8833,73.1,81.48,78,90,10.8
480,Amarante Do Maranhao,BR,2021-07-24 18:35:26,-5.5667,-46.7422,94.37,25,55,7.67
481,Carutapera,BR,2021-07-24 18:35:26,-1.195,-46.02,81.64,80,80,8.1
482,Medvezhyegorsk,RU,2021-07-24 18:35:27,62.9167,34.4667,59.41,51,100,6.02
483,Saint Anthony,US,2021-07-24 18:35:27,45.0205,-93.218,92.25,52,1,4.0
484,Mount Gambier,AU,2021-07-24 18:31:51,-37.8333,140.7667,42.71,75,75,20.71
485,Luganville,VU,2021-07-24 18:35:28,-15.5333,167.1667,77.68,85,97,1.12
486,Kimbe,PG,2021-07-24 18:35:28,-5.5502,150.1429,74.88,93,100,3.94
487,Omsukchan,RU,2021-07-24 18:35:29,62.5333,155.8,50.92,92,100,5.32
488,Gazojak,TM,2021-07-24 18:35:29,41.1875,61.4036,93.72,11,0,6.89
489,Rawson,AR,2021-07-24 18:30:52,-43.3002,-65.1023,50.88,39,100,18.9
490,Cleveland,US,2021-07-24 18:35:30,41.4995,-81.6954,85.6,75,40,12.66
491,Kinsale,IE,2021-07-24 18:35:30,51.7075,-8.5306,69.17,77,40,6.91
492,Vila Franca Do Campo,PT,2021-07-24 18:31:48,37.7167,-25.4333,73.81,74,1,7.81
493,Hofn,IS,2021-07-24 18:29:36,64.2539,-15.2082,53.26,99,100,15.86
494,Am Timan,TD,2021-07-24 18:35:31,11.0297,20.2827,82.8,59,95,7.7
495,Sipe Sipe,BO,2021-07-24 18:31:59,-17.45,-66.3833,79.29,18,6,8.16
496,Cayenne,GF,2021-07-24 18:31:50,4.9333,-52.3333,80.64,78,75,8.05
497,Mastic Beach,US,2021-07-24 18:31:22,40.7668,-72.8521,83.98,56,1,8.05
498,Fez,MA,2021-07-24 18:35:32,34.0372,-4.9998,93.45,31,20,11.5
499,Ratnagiri,IN,2021-07-24 18:35:32,16.9833,73.3,79.34,88,100,12.46
500,Numan,NG,2021-07-24 18:35:33,9.4667,12.0333,76.44,85,97,8.12
501,Lumberton,US,2021-07-24 18:34:31,34.6182,-79.0086,90.45,40,1,3.96
502,Statesboro,US,2021-07-24 18:34:51,32.4488,-81.7832,89.4,45,40,5.75
503,Sao Bento,BR,2021-07-24 18:35:34,-6.2833,-37.75,87.12,27,5,13.02
504,Hualmay,PE,2021-07-24 18:30:37,-11.0964,-77.6139,67.69,71,14,11.9
505,Yalta,UA,2021-07-24 18:35:34,44.5,34.1667,73.62,61,0,5.03
506,Bom Jardim,BR,2021-07-24 18:35:35,-7.7958,-35.5872,82.74,45,4,16.02
507,Bafoulabe,ML,2021-07-24 18:35:35,13.8065,-10.8321,89.15,54,100,3.62
508,Ambato,EC,2021-07-24 18:35:36,-1.2491,-78.6168,68.09,53,100,9.26
509,Kalmar,SE,2021-07-24 18:35:36,56.6616,16.3616,67.96,62,0,6.91
510,Tilichiki,RU,2021-07-24 18:33:01,60.4667,166.1,50.94,94,99,2.62
511,Kruisfontein,ZA,2021-07-24 18:30:59,-34.0033,24.7314,49.89,49,0,6.78
512,Souillac,MU,2021-07-24 18:25:44,-20.5167,57.5167,70.18,83,75,5.75
513,Mayo,US,2021-07-24 18:35:37,38.8876,-76.5119,88.72,56,90,1.01
514,Avera,US,2021-07-24 18:27:06,33.194,-82.5271,89.94,46,0,6.06
515,Nizwa,OM,2021-07-24 18:35:38,22.9333,57.5333,94.26,41,100,1.34
516,Lobito,AO,2021-07-24 18:35:38,-12.3481,13.5456,69.53,87,6,4.52
517,Mehamn,NO,2021-07-24 18:30:04,71.0357,27.8492,44.78,87,100,25.28
518,Madison,US,2021-07-24 18:35:39,34.7334,-86.5667,91.78,62,1,1.01
519,North Bend,US,2021-07-24 18:35:39,43.4065,-124.2243,79.95,79,1,17.27
520,Totness,SR,2021-07-24 18:35:40,5.8833,-56.3167,85.82,66,46,11.86
521,Saint-Joseph,RE,2021-07-24 18:35:40,-21.3667,55.6167,68.38,79,32,6.96
522,Mega,ET,2021-07-24 18:35:41,4.05,38.3,57.9,63,100,8.39
523,Beibei,CN,2021-07-24 18:35:06,29.8256,106.4339,82.87,85,3,1.45
524,Banjar,ID,2021-07-24 18:35:41,-8.19,114.9675,76.86,84,3,5.14
525,San Andres,CO,2021-07-24 18:29:13,12.5847,-81.7006,86.02,74,75,16.11
526,Thaba Nchu,ZA,2021-07-24 18:35:42,-29.2093,26.839,35.38,39,0,5.03
527,Urubicha,BO,2021-07-24 18:35:43,-15.3833,-62.95,94.1,22,0,6.04
528,Whittlesea,ZA,2021-07-24 18:35:43,-32.1759,26.8244,37.53,55,0,2.62
529,Sturgeon Falls,CA,2021-07-24 18:35:43,46.3646,-79.9326,65.89,94,100,15.93
530,Griffith,US,2021-07-24 18:33:27,41.5284,-87.4237,93.09,64,40,1.99
531,Vargem Grande,BR,2021-07-24 18:35:44,-3.5431,-43.9158,91.65,35,83,4.68
532,Caraballeda,VE,2021-07-24 18:35:44,10.6112,-66.8522,80.67,89,100,4.61
533,Hobe Sound,US,2021-07-24 18:35:13,27.0595,-80.1364,91.98,71,40,6.91
534,Fallon,US,2021-07-24 18:29:12,39.4735,-118.7774,92.44,11,40,5.75
535,Trelew,AR,2021-07-24 18:35:45,-43.249,-65.3051,52.11,28,99,19.42
536,Kosh-Agach,RU,2021-07-24 18:31:05,50.0,88.6667,54.48,81,100,2.75
537,Shahrud,IR,2021-07-24 18:35:46,36.4182,54.9763,79.0,52,0,9.62
538,Tromso,NO,2021-07-24 18:29:44,69.6496,18.957,56.05,87,75,16.11
539,Nazca,PE,2021-07-24 18:35:48,-14.8333,-74.95,78.24,38,0,3.47
540,Rio Gallegos,AR,2021-07-24 18:35:48,-51.6226,-69.2181,46.45,53,0,9.22
541,Izumo,JP,2021-07-24 18:35:49,35.3667,132.7667,75.15,70,100,4.79
542,Andenes,NO,2021-07-24 18:35:49,69.3143,16.1194,54.07,93,90,4.61
543,Yakeshi,CN,2021-07-24 18:35:49,49.2833,120.7333,54.81,90,0,5.88
544,Ulladulla,AU,2021-07-24 18:35:50,-35.35,150.4667,51.1,59,97,19.22
545,Breisach,DE,2021-07-24 18:35:51,48.0333,7.5833,67.95,89,82,3.8
546,Chiang Khong,TH,2021-07-24 18:35:51,20.2613,100.4046,79.12,97,100,1.57
547,Ballina,AU,2021-07-24 18:35:51,-28.8667,153.5667,55.78,62,0,6.91
548,Margate,GB,2021-07-24 18:28:55,51.3813,1.3862,73.11,80,38,1.01
549,Gerardmer,FR,2021-07-24 18:35:52,48.0735,6.8779,68.49,97,22,2.39
550,Jardim,BR,2021-07-24 18:35:53,-21.4803,-56.1381,93.11,21,0,6.51
551,San Blas,MX,2021-07-24 18:35:53,21.5167,-105.2667,91.29,60,100,5.91
552,Oktyabrskiy,RU,2021-07-24 18:35:01,54.4815,53.471,59.76,81,100,4.23
553,Praya,CV,2021-07-24 18:35:54,14.9215,-23.5087,81.14,54,75,10.36
554,Marawi,PH,2021-07-24 18:31:47,7.9986,124.2928,73.65,90,18,6.69
555,Gryazovets,RU,2021-07-24 18:31:19,58.88,40.2525,50.34,61,40,3.09
556,Flinders,AU,2021-07-24 18:35:55,-34.5833,150.8552,51.8,63,75,8.01
557,Waingapu,ID,2021-07-24 18:35:55,-9.6567,120.2641,71.11,75,13,4.56
558,Portree,GB,2021-07-24 18:35:55,57.4129,-6.1942,70.52,57,13,2.95
559,Iquitos,PE,2021-07-24 18:34:41,-3.7481,-73.2472,84.24,70,75,3.44
560,Nuuk,GL,2021-07-24 18:31:31,64.1835,-51.7216,43.41,81,75,6.91
561,Gotsu,JP,2021-07-24 18:35:57,35.0,132.2167,75.15,75,100,4.76
562,Byron Bay,AU,2021-07-24 18:27:45,-28.65,153.6167,55.71,59,9,9.44
